{"total loss for listener 0": 39.99127960205078, "total loss for listener 1": 42.94468307495117, "total loss for listener 2": 35.68671417236328, "total loss for listener 3": 43.32578659057617, "total loss for listener 4": 3379.713623046875, "total loss for listener 5": 2512220.75, "total loss for listener 6": 155491.46875, "total loss for listener 7": 19985.443359375, "total loss for listener 8": 4164442.0, "total loss for listener 9": 2494343.0, "total loss for listener 10": 97.46444702148438, "total loss for listener 11": 382.571044921875, "total loss for listener 12": 35.8471565246582, "total loss for listener 13": 34.80996322631836, "total loss for listener 14": 52.20023727416992, "_timestamp": 1709682083.187079, "_runtime": 185.04672598838806, "_step": 91, "_wandb": {"runtime": 357}}