{"total loss for listener 0": 4.712334632873535, "total loss for listener 1": 9.04871940612793, "total loss for listener 2": 5.120237350463867, "total loss for listener 3": 6.344290256500244, "total loss for listener 4": 4.983423709869385, "value loss for listener 0": 9.42466926574707, "value loss for listener 1": 18.09743881225586, "value loss for listener 2": 10.240474700927734, "value loss for listener 3": 12.688580513000488, "value loss for listener 4": 9.966846466064453, "actor loss for listener 0": 2.816319266685241e-08, "actor loss for listener 1": 3.054738018093417e-09, "actor loss for listener 2": 4.7683719195390495e-09, "actor loss for listener 3": 0.0, "actor loss for listener 4": 3.7550925924279e-08, "entropy for listener 0": 4.943050135744486e-31, "entropy for listener 1": 1.7198996389253925e-30, "entropy for listener 2": 8.422074267213564e-25, "entropy for listener 3": 0.0, "entropy for listener 4": 1.2915241569558964e-17, "_timestamp": 1709683126.8279512, "_runtime": 134.848384141922, "_step": 999, "_wandb": {"runtime": 210}}