{"total loss for listener 0": 7.69757080078125, "total loss for listener 1": 26.985595703125, "total loss for listener 2": 8.207144737243652, "total loss for listener 3": 11.350191116333008, "total loss for listener 4": 9.478960990905762, "value loss for listener 0": 15.3951416015625, "value loss for listener 1": 53.97119140625, "value loss for listener 2": 16.414289474487305, "value loss for listener 3": 22.700382232666016, "value loss for listener 4": 18.957921981811523, "actor loss for listener 0": -1.549720685112277e-09, "actor loss for listener 1": 3.516673841019724e-09, "actor loss for listener 2": 5.329028329725816e-09, "actor loss for listener 3": -8.344649415903405e-09, "actor loss for listener 4": 9.53674250681047e-10, "entropy for listener 0": 2.757454627515297e-27, "entropy for listener 1": 2.881176752328722e-29, "entropy for listener 2": 3.5850719785119505e-16, "entropy for listener 3": 0.0, "entropy for listener 4": 4.148862469716109e-23, "cumulative reward for listener 0": -89.0, "cumulative reward for listener 1": -79.0, "cumulative reward for listener 2": -91.0, "cumulative reward for listener 3": -103.0, "cumulative reward for listener 4": -83.0, "_timestamp": 1709685494.043754, "_runtime": 69.33273601531982, "_step": 374, "_wandb": {"runtime": 69}}