{"total loss for listener 0": 41.644954681396484, "total loss for listener 1": 30.072891235351562, "total loss for listener 2": 26904.75390625, "total loss for listener 3": 1567976.5, "total loss for listener 4": 1860.271728515625, "total loss for listener 5": 13.8024320602417, "total loss for listener 6": 15.301874160766602, "total loss for listener 7": 9.313291549682617, "total loss for listener 8": 11.06314754486084, "total loss for listener 9": 35.86460494995117, "value loss for listener 0": 83.28990936279297, "value loss for listener 1": 60.145782470703125, "value loss for listener 2": 53809.5078125, "value loss for listener 3": 3135953.0, "value loss for listener 4": 3720.54345703125, "value loss for listener 5": 27.6048641204834, "value loss for listener 6": 30.603748321533203, "value loss for listener 7": 18.626583099365234, "value loss for listener 8": 22.12629508972168, "value loss for listener 9": 71.72920989990234, "actor loss for listener 0": 5.147457500243036e-07, "actor loss for listener 1": 1.5306471823350876e-07, "actor loss for listener 2": 1.4305115980661753e-09, "actor loss for listener 3": 1.2636184543168838e-08, "actor loss for listener 4": -7.450580152834618e-09, "actor loss for listener 5": 4.0411947566099116e-08, "actor loss for listener 6": -4.2915346831762236e-09, "actor loss for listener 7": 3.516673841019724e-09, "actor loss for listener 8": 1.76429750808893e-08, "actor loss for listener 9": -2.384185349146861e-10, "entropy for listener 0": 0.0, "entropy for listener 1": 6.290595846019637e-23, "entropy for listener 2": 9.4379694642167e-26, "entropy for listener 3": 3.6597622476551846e-31, "entropy for listener 4": 0.0, "entropy for listener 5": 1.1842691063181881e-18, "entropy for listener 6": 8.633632010294912e-22, "entropy for listener 7": 0.0, "entropy for listener 8": 1.935626673310637e-19, "entropy for listener 9": 1.7823150432526307e-26, "cumulative reward for listener 0": -107.0, "cumulative reward for listener 1": -93.0, "cumulative reward for listener 2": -105.0, "cumulative reward for listener 3": -91.0, "cumulative reward for listener 4": -105.0, "cumulative reward for listener 5": -105.0, "cumulative reward for listener 6": -103.0, "cumulative reward for listener 7": -105.0, "cumulative reward for listener 8": -95.0, "cumulative reward for listener 9": -79.0, "_timestamp": 1709684149.832151, "_runtime": 182.50633597373962, "_step": 399, "_wandb": {"runtime": 224}}