{"loss for listener 0": [[34.91941452026367, 47.68601989746094, 40.28547286987305, 57.48142623901367, 54.11020278930664, 43.96483612060547, 40.23445510864258, 51.455299377441406, 34.97782897949219, 37.117122650146484, 35.20650863647461, 17.96218490600586], [[69.83882904052734, 95.37203979492188, 80.5709457397461, 114.96285247802734, 108.22040557861328, 87.92967224121094, 80.46891021728516, 102.91059875488281, 69.95565795898438, 74.23424530029297, 70.41301727294922, 35.92436981201172], [-6.174047939566663e-07, -1.6450883322249865e-06, 1.133481760007271e-06, -4.6094260142126586e-07, -1.3113022987454315e-06, -2.066294513269895e-07, -9.298324812334613e-07, 7.152557657263969e-08, -1.2516976539700408e-06, -1.374880525872868e-06, -7.232030725390359e-07, -2.7020774950869964e-07], [5.783300080480622e-31, 1.0484325442363352e-21, 2.230967807289191e-22, 3.256749076702771e-27, 3.1970587299363777e-27, 5.632701706360618e-29, 2.2309683121601705e-22, 3.197031189138173e-27, 3.4960924797975396e-28, 4.747730878383607e-29, 1.271529577400744e-21, 5.60076677861714e-29]]], "loss for listener 1": [[37.47924041748047, 41.35208511352539, 43.22834014892578, 50.6952018737793, 57.04266357421875, 52.36674499511719, 53.98910140991211, 52.37972640991211, 39.29539108276367, 30.01968002319336, 45.137351989746094, 15.527994155883789], [[74.95848083496094, 82.70417022705078, 86.4566879272461, 101.3904037475586, 114.0853271484375, 104.73348999023438, 107.97820281982422, 104.75945281982422, 78.59078216552734, 60.03936004638672, 90.27470397949219, 31.055988311767578], [-6.993611805228284e-07, -1.2755394891428296e-06, -9.258588420379965e-07, -8.583069188716763e-07, -2.463658859142015e-07, -1.1761983387259534e-06, -7.828077173144266e-07, -1.7404556729161413e-06, -8.304914445034228e-07, 6.357829107628277e-08, -5.801518909720471e-07, -1.5894572413799324e-07], [0.0, 0.0, 0.0, 0.0, 0.0, 0.0, 0.0, 0.0, 0.0, 0.0, 0.0, 0.0]]], "loss for listener 2": [[37.1666145324707, 36.62663269042969, 32.354034423828125, 45.409610748291016, 22.670120239257812, 27.367084503173828, 33.025455474853516, 49.493919372558594, 51.3040657043457, 42.97565841674805, 28.73680305480957, 15.025498390197754], [[74.3332290649414, 73.25326538085938, 64.70806884765625, 90.81922149658203, 45.340240478515625, 54.734169006347656, 66.05091857910156, 98.98783874511719, 102.60813903808594, 85.9513168334961, 57.47360610961914, 30.050996780395508], [-3.258387550886255e-07, 4.371007378267677e-08, -6.496906621578091e-07, -4.2915345943583816e-07, 7.947286206899662e-08, -7.688999517085904e-07, -8.434057576778287e-07, -3.447135554779379e-07, -7.232030725390359e-07, -2.6226044269606064e-07, 9.934107936260261e-08, -2.1457672971791908e-07], [6.432640199509881e-28, 3.751531264623541e-27, 2.9523288859731473e-27, 2.3085432760449706e-27, 1.0352677526833174e-28, 4.3792146365098825e-26, 6.432388384169652e-28, 1.237105489212162e-30, 7.3966379496084484e-34, 2.2441107119765123e-27, 2.7077596645672787e-27, 9.266333823135216e-27]]], "loss for listener 3": [[37.55936050415039, 39.343772888183594, 42.4971923828125, 40.16324234008789, 47.6322021484375, 49.949832916259766, 47.3230094909668, 44.8031005859375, 56.29825973510742, 59.27102279663086, 41.313812255859375, 15.550593376159668], [[75.11872100830078, 78.68754577636719, 84.99439239501953, 80.32648468017578, 95.26441192626953, 99.89967346191406, 94.6460189819336, 89.60620880126953, 112.59651184082031, 118.54204559326172, 82.62762451171875, 31.10118865966797], [-1.0172526572205243e-06, -2.3841860041784457e-08, -4.1127208305624663e-07, -4.23193000642641e-07, -8.98043367669743e-07, -1.4305115882962127e-06, -8.622805580671411e-07, -1.1225541811654693e-06, 6.631017299696396e-07, -2.3047130071063293e-07, -1.5338263210651348e-06, -1.2715658215256553e-07], [0.0, 0.0, 0.0, 0.0, 0.0, 0.0, 0.0, 0.0, 0.0, 0.0, 0.0, 0.0]]], "loss for listener 4": [[3582.646484375, 3948.568115234375, 3589.3671875, 4172.8271484375, 3262.3193359375, 2494.435546875, 3281.668701171875, 2804.7060546875, 3082.01220703125, 3556.7314453125, 5308.4033203125, 4674.81396484375], [[7165.29296875, 7897.13623046875, 7178.734375, 8345.654296875, 6524.638671875, 4988.87109375, 6563.33740234375, 5609.412109375, 6164.0244140625, 7113.462890625, 10616.806640625, 9349.6279296875], [7.947286384535346e-09, -7.947286384535346e-09, 3.973643192267673e-09, 0.0, 0.0, -7.947286384535346e-09, 3.973643192267673e-09, -1.9868215961338365e-09, 1.9868215517249155e-08, 1.9868215517249155e-08, -9.934107758624577e-09, 1.5596549474139465e-07], [1.0297787394796625e-34, 1.0321151141840196e-21, 8.889931445567239e-35, 1.0321151141840196e-21, 1.8601378756945415e-35, 3.9069431637531454e-35, 1.6749158679442283e-35, 1.9351120246350964e-33, 9.874802570028458e-36, 1.0321151141840196e-21, 2.3562359523063022e-34, 1.0321152151582155e-21]]], "loss for listener 5": [[2197.07666015625, 2235.6240234375, 1478.4951171875, 1947.9271240234375, 2327.2734375, 1109.7506103515625, 1868.794921875, 2710.16943359375, 1976.176513671875, 2511.3916015625, 2123.240478515625, 1395.432373046875], [[4394.1533203125, 4471.248046875, 2956.990234375, 3895.854248046875, 4654.546875, 2219.501220703125, 3737.58984375, 5420.3388671875, 3952.35302734375, 5022.783203125, 4246.48095703125, 2790.86474609375], [-3.973643103449831e-08, -2.781550278996292e-08, -1.1920930020892229e-08, -3.1789145538141383e-08, -1.5087426419313488e-08, -3.675619808518604e-08, 2.3841860041784457e-08, 1.9868215517249155e-08, -7.947286384535346e-09, 1.639127766850379e-08, -4.371007378267677e-08, -1.1920930020892229e-08], [6.592903990028435e-36, 6.0922933467242106e-33, 1.2909291301125158e-35, 4.965232767387441e-28, 2.48262264296604e-28, 2.2408634776604987e-34, 4.922049223870436e-31, 5.693807741293163e-33, 4.940637080941118e-31, 6.4367183572618e-36, 5.6936387639802324e-33, 6.52603533381428e-33]]], "loss for listener 6": [[159953.734375, 106444.109375, 156415.03125, 151050.40625, 153939.546875, 167615.015625, 158011.640625, 141269.578125, 177442.171875, 168545.21875, 200418.734375, 166259.59375], [[319907.46875, 212888.21875, 312830.0625, 302100.8125, 307879.09375, 335230.03125, 316023.28125, 282539.15625, 354884.34375, 337090.4375, 400837.46875, 332519.1875], [2.582868141587369e-08, -1.9868215517249155e-08, -3.1789145538141383e-08, 3.973643192267673e-09, 0.0, -1.9868215517249155e-08, -4.371007378267677e-08, -2.3841860041784457e-08, 1.1920930020892229e-08, -3.1789145538141383e-08, -7.947286384535346e-09, -3.5762788286319847e-08], [3.248783274057303e-36, 0.0, 1.848362561925327e-33, 2.8477538052936645e-36, 2.719413771159353e-35, 0.0, 2.7034702680685494e-35, 0.0, 0.0, 1.8480435254116742e-33, 0.0, 1.5943592773905472e-37]]], "loss for listener 7": [[14138.9453125, 22527.93359375, 14632.021484375, 15468.2578125, 21281.439453125, 16108.4306640625, 19054.96484375, 18884.482421875, 20793.533203125, 12261.9970703125, 14701.869140625, 11559.6279296875], [[28277.890625, 45055.8671875, 29264.04296875, 30936.515625, 42562.87890625, 32216.861328125, 38109.9296875, 37768.96484375, 41587.06640625, 24523.994140625, 29403.73828125, 23119.255859375], [-9.934107758624577e-09, -1.390775139498146e-08, -1.9868215517249155e-08, 1.8129746592876472e-08, -6.95387569749073e-09, 3.476937848745365e-08, 1.0430813546236095e-08, 4.7683720083568915e-08, -3.787378854980261e-09, 5.960465010446114e-09, 2.582868141587369e-08, 3.973643103449831e-08], [8.561370741484454e-33, 1.4865839466713584e-29, 2.2767892080729868e-36, 8.459084365863683e-33, 1.0207731982794862e-31, 0.0, 1.0207540377215678e-31, 0.0, 1.0375288939458633e-37, 1.4865839466713584e-29, 0.0, 1.1383946040364934e-36]]],