{"loss for listener 0": [[32.67159652709961, 34.57631301879883, 43.4598388671875, 39.61319351196289, 44.61626052856445, 47.78093719482422, 50.52199935913086, 56.8044548034668, 53.800376892089844, 34.84414291381836, 31.469831466674805, 13.295458793640137], [[65.34319305419922, 69.15262603759766, 86.91968536376953, 79.22638702392578, 89.2325210571289, 95.56188201904297, 101.04399871826172, 113.6089096069336, 107.60075378417969, 69.68828582763672, 62.93966293334961, 26.590917587280273], [-5.831321345795004e-07, 1.5894572413799324e-07, -1.556674760649912e-06, 7.549922287353183e-08, -1.2715658215256553e-07, -8.066495524872153e-07, -1.5775362953718286e-06, -5.384286509979574e-07, -1.4781952586417901e-06, -1.9868215872520523e-07, -6.049871785762662e-07, -1.8278758773249137e-07], [3.197158878293486e-27, 6.854110240184236e-22, 6.854078938183517e-22, 1.4946259037457817e-21, 4.051139711980108e-28, 3.6859485472293566e-30, 9.085017967826885e-22, 2.230967807289191e-22, 3.496094405727484e-28, 1.305411749716693e-32, 5.58882059628397e-29, 1.733837206880419e-21]]], "loss for listener 1": [[39.99216842651367, 39.88152313232422, 47.300437927246094, 47.113037109375, 60.39823532104492, 44.80685043334961, 23.900257110595703, 27.787328720092773, 33.70125198364258, 43.03075408935547, 32.28910446166992, 14.788064002990723], [[79.98433685302734, 79.76304626464844, 94.60087585449219, 94.22608184814453, 120.79646301269531, 89.61370086669922, 47.800514221191406, 55.57465744018555, 67.40250396728516, 86.06150817871094, 64.57820892333984, 29.576128005981445], [-1.4384588666871423e-06, -4.23193000642641e-07, -6.099542133597424e-07, -2.5788945094973315e-06, 5.563100557992584e-07, -5.205472461966565e-07, -5.096197241982736e-07, -3.447135554779379e-07, -3.496805902614142e-07, -1.0689100236049853e-06, -1.1722247705847622e-07, -5.563100557992584e-08], [0.0, 5.752431031886488e-16, 2.049962150084683e-24, 9.37559645111217e-27, 8.105507282547009e-29, 2.7780100442242883e-10, 5.220721818984991e-29, 1.2431876250275652e-26, 3.307287954612548e-07, 2.1847851145714302e-32, 1.5554931892470928e-24, 3.780673591252242e-16]]], "loss for listener 2": [[34.01762390136719, 41.711761474609375, 40.329559326171875, 41.66925811767578, 50.76630401611328, 36.75436019897461, 48.52665710449219, 54.138206481933594, 38.83710479736328, 56.79723358154297, 35.683597564697266, 15.05668830871582], [[68.03524780273438, 83.42352294921875, 80.65911865234375, 83.3385238647461, 101.53260803222656, 73.50872039794922, 97.05331420898438, 108.27641296386719, 77.6742172241211, 113.59447479248047, 71.36720275878906, 30.11337661743164], [1.3212363114689651e-07, -2.507120484551706e-07, 2.2649766151516815e-07, -1.5020370938145788e-06, -6.526709057652624e-07, -6.278356181610434e-07, -2.9802325229866256e-07, -4.76837158203125e-07, -1.1866292197737494e-06, -1.5894572698016418e-06, -3.854433998640161e-07, 0.0], [6.856332172433937e-27, 0.0, 8.0112387895590865e-28, 0.0, 1.1239239442837752e-33, 2.309090047556182e-27, 6.752715600681948e-27, 5.141503557269234e-32, 5.134400733690481e-26, 9.058901345881994e-28, 4.3791456111806757e-26, 2.7063799283551197e-27]]], "loss for listener 3": [[43.91717529296875, 54.91481399536133, 37.724727630615234, 41.334136962890625, 56.22644805908203, 49.57598876953125, 59.38298416137695, 50.39474868774414, 42.30537033081055, 37.08477783203125, 37.700401306152344, 15.65730094909668], [[87.83435821533203, 109.82962799072266, 75.44945526123047, 82.66827392578125, 112.4529037475586, 99.1519775390625, 118.76597595214844, 100.78949737548828, 84.6107406616211, 74.16956329345703, 75.40080261230469, 31.31460189819336], [-7.073085157571768e-07, -9.298324812334613e-07, -2.463658859142015e-07, -3.9835774146013136e-07, -1.7126402553913067e-06, 2.7020774950869964e-07, -1.7652910173637792e-06, -1.0152658660445013e-06, 5.245208853921213e-07, -7.549922287353183e-08, -3.2981239428409026e-07, -1.4702479234074417e-07], [0.0, 0.0, 0.0, 0.0, 0.0, 0.0, 0.0, 0.0, 0.0, 0.0, 0.0, 0.0]]], "loss for listener 4": [[4293.7490234375, 4453.34716796875, 2738.9501953125, 4470.95556640625, 4495.6494140625, 4035.5498046875, 2295.8271484375, 2794.8486328125, 1726.34521484375, 3855.16259765625, 2635.997314453125, 3732.0830078125], [[8587.498046875, 8906.6943359375, 5477.900390625, 8941.9111328125, 8991.298828125, 8071.099609375, 4591.654296875, 5589.697265625, 3452.6904296875, 7710.3251953125, 5271.99462890625, 7464.166015625], [9.934107758624577e-09, -1.5894572769070692e-08, -1.7881394143159923e-08, 2.3841860041784457e-08, 4.371007378267677e-08, -9.934107758624577e-09, 0.0, -4.2965016433527126e-08, -7.947286384535346e-09, 2.309680091627797e-08, 0.0, 3.973643192267673e-09], [1.5028275708415295e-28, 1.0321151141840196e-21, 4.5085549162108164e-35, 1.4112820418684173e-29, 9.667836757948595e-34, 7.056386135217781e-30, 1.5027933855850167e-28, 5.315242784255034e-38, 1.5028282930652587e-28, 4.5177447795169764e-35, 4.47646788083914e-35, 1.0321151141840196e-21]]], "loss for listener 5": [[2337.09912109375, 2293.787109375, 2267.072265625, 2291.642578125, 1961.7562255859375, 2311.763427734375, 2146.80419921875, 3063.0009765625, 1688.3323974609375, 2159.762451171875, 1582.87939453125, 2118.7685546875], [[4674.1982421875, 4587.57421875, 4534.14453125, 4583.28515625, 3923.512451171875, 4623.52685546875, 4293.6083984375, 6126.001953125, 3376.664794921875, 4319.52490234375, 3165.7587890625, 4237.537109375], [1.9371510617816057e-08, -2.4338564941217555e-08, -8.940697071579962e-09, -3.1789145538141383e-08, -1.2914340707936844e-08, -9.934107980669182e-10, -9.934107758624577e-09, 2.1358331991905288e-08, 1.9868215517249155e-08, -2.7318796114172983e-09, -7.947286384535346e-09, 1.1920930020892229e-08], [2.5570357611923017e-28, 4.3920775958022074e-30, 3.8994292299262596e-30, 2.264526041189307e-34, 5.300184182535208e-34, 2.503675464670623e-28, 2.501543460222186e-28, 6.60708199588363e-33, 1.3057780688834865e-35, 4.057793642069074e-34, 9.318905953586384e-34, 4.8997251755550995e-31]]], "loss for listener 6": [[126291.1171875, 160255.296875, 158479.046875, 156203.6875, 166095.1875, 128595.046875, 146871.671875, 215574.921875, 126446.5546875, 160229.40625, 166622.734375, 216875.5], [[252582.234375, 320510.59375, 316958.09375, 312407.375, 332190.375, 257190.09375, 293743.34375, 431149.84375, 252893.109375, 320458.8125, 333245.46875, 433751.0], [-2.3841860041784457e-08, 3.973643192267673e-09, -1.1920930020892229e-08, -3.774961143676592e-08, 1.1920930020892229e-08, 5.960465010446114e-09, -1.9868215517249155e-08, -1.1920930020892229e-08, -3.973643103449831e-08, 4.470348713425665e-08, -3.973643192267673e-09, -2.980232505223057e-09], [1.8480435254116742e-33, 4.010511720742541e-37, 3.248783274057303e-36, 1.8482029518330045e-33, 1.875078242441656e-33, 2.719413771159353e-35, 1.5943592773905472e-37, 5.406940536137099e-35, 3.6960870508233485e-33, 5.695464562698505e-36, 0.0, 0.0]]], "loss for listener 7": [[20719.666015625, 17497.98046875, 17805.61328125, 15388.8125, 14085.755859375, 16266.4912109375, 12785.2353515625, 15651.8818359375, 14588.8212890625, 13062.13671875, 14709.4248046875, 12073.0048828125], [[41439.33203125, 34995.9609375, 35611.2265625, 30777.625, 28171.51171875, 32532.982421875, 25570.470703125, 31303.763671875, 29177.642578125, 26124.2734375, 29418.849609375, 24146.009765625], [2.781550278996292e-08, -1.7881394143159923e-08, 1.390775139498146e-08, 2.582868141587369e-08, 2.1855036891338386e-08, 4.967053879312289e-09, 4.371007378267677e-08, 2.781550278996292e-08, 2.781550278996292e-08, 4.967053968130131e-08, 1.390775139498146e-08, 6.95387569749073e-09], [2.463855674771641e-25, 2.363484441692686e-31, 3.439864955071154e-28, 2.819282376224028e-31, 2.6521612101904885e-25, 2.65216392189985e-25, 1.6733421868206794e-31, 5.304342634941673e-25, 1.0769599380538754e-29, 6.87500271509381e-28, 1.0748300551376431e-29, 1.0397992796441554e-31]]],