{"total loss for listener 0": 0.8029155731201172, "total loss for listener 1": 1.7066570520401, "total loss for listener 2": 4.474610805511475, "total loss for listener 3": 2.6103556156158447, "total loss for listener 4": 3.4236512184143066, "value loss for listener 0": 1.6058311462402344, "value loss for listener 1": 3.4133141040802, "value loss for listener 2": 8.94922161102295, "value loss for listener 3": 5.220710754394531, "value loss for listener 4": 6.847302436828613, "actor loss for listener 0": 2.08431742976245e-08, "actor loss for listener 1": 3.933906533859499e-09, "actor loss for listener 2": -7.867813422990366e-08, "actor loss for listener 3": 6.532669516445822e-08, "actor loss for listener 4": -1.0609627842939062e-08, "entropy for listener 0": 0.0, "entropy for listener 1": 0.0, "entropy for listener 2": 0.0, "entropy for listener 3": 0.0, "entropy for listener 4": 0.0, "cumulative reward for listener 0": -97.0, "cumulative reward for listener 1": -93.0, "cumulative reward for listener 2": -71.0, "cumulative reward for listener 3": -103.0, "cumulative reward for listener 4": -83.0, "_timestamp": 1709686130.762055, "_runtime": 608.8838968276978, "_step": 3922, "_wandb": {"runtime": 608}}