{"loss for listener 0": 48.09614181518555, "loss for listener 1": 45.98548889160156, "loss for listener 2": 44.367637634277344, "loss for listener 3": 45.3385124206543, "loss for listener 4": 3527.517578125, "loss for listener 5": 2537871.0, "loss for listener 6": 159643.0625, "loss for listener 7": 18478.833984375, "loss for listener 8": 903375.125, "loss for listener 9": 2392779.0, "loss for listener 10": 53.22679901123047, "loss for listener 11": 156.35751342773438, "loss for listener 12": 72.64982604980469, "loss for listener 13": 50.743980407714844, "loss for listener 14": 166.05674743652344, "_timestamp": 1709681833.619045, "_runtime": 174.2812180519104, "_step": 82, "_wandb": {"runtime": 191}}