{"total loss for listener 0": 1.7053203582763672, "total loss for listener 1": 1.3639631271362305, "total loss for listener 2": 1.0314701795578003, "total loss for listener 3": 1.5817071199417114, "total loss for listener 4": 1.2418657541275024, "value loss for listener 0": 3.4106407165527344, "value loss for listener 1": 2.727926254272461, "value loss for listener 2": 2.0629403591156006, "value loss for listener 3": 3.163414239883423, "value loss for listener 4": 2.483731508255005, "actor loss for listener 0": -1.4543533488620142e-08, "actor loss for listener 1": 1.7166138732704894e-08, "actor loss for listener 2": 2.044439462167702e-08, "actor loss for listener 3": 7.629394893626795e-09, "actor loss for listener 4": 2.6822088994293836e-09, "entropy for listener 0": 0.0, "entropy for listener 1": 0.0, "entropy for listener 2": 0.0, "entropy for listener 3": 0.0, "entropy for listener 4": 0.0, "cumulative reward for listener 0": -103.0, "cumulative reward for listener 1": -99.0, "cumulative reward for listener 2": -103.0, "cumulative reward for listener 3": -111.0, "cumulative reward for listener 4": -101.0, "_timestamp": 1709685391.8280761, "_runtime": 1178.469820022583, "_step": 7999, "_wandb": {"runtime": 1178}}