{"total loss for listener 0": 37.46150588989258, "total loss for listener 1": 24.351627349853516, "total loss for listener 2": 31814.984375, "total loss for listener 3": 870394.75, "total loss for listener 4": 1972.297119140625, "total loss for listener 5": 8.249344825744629, "total loss for listener 6": 17.982154846191406, "total loss for listener 7": 10.039583206176758, "total loss for listener 8": 8.254416465759277, "total loss for listener 9": 10.045083045959473, "value loss for listener 0": 74.92301177978516, "value loss for listener 1": 48.70325469970703, "value loss for listener 2": 63629.96875, "value loss for listener 3": 1740789.5, "value loss for listener 4": 3944.59423828125, "value loss for listener 5": 16.498689651489258, "value loss for listener 6": 35.96430969238281, "value loss for listener 7": 20.079166412353516, "value loss for listener 8": 16.508832931518555, "value loss for listener 9": 20.090166091918945, "actor loss for listener 0": 7.754563853268337e-07, "actor loss for listener 1": 1.5437602485235402e-07, "actor loss for listener 2": -3.993510944155787e-08, "actor loss for listener 3": 1.7881394143159923e-08, "actor loss for listener 4": -3.5762788286319847e-09, "actor loss for listener 5": -8.12113221115851e-09, "actor loss for listener 6": 1.192092824453539e-08, "actor loss for listener 7": 2.9802322831784522e-09, "actor loss for listener 8": -2.3841859597695247e-09, "actor loss for listener 9": -1.862644971595273e-08, "entropy for listener 0": 0.0, "entropy for listener 1": 1.0083415066867718e-28, "entropy for listener 2": 8.274409354435305e-32, "entropy for listener 3": 4.512140518363935e-36, "entropy for listener 4": 1.9802902731209983e-35, "entropy for listener 5": 5.3215170929521814e-30, "entropy for listener 6": 5.0633593319656875e-14, "entropy for listener 7": 2.023038209060354e-22, "entropy for listener 8": 1.6766755126509886e-22, "entropy for listener 9": 7.088594698872208e-20, "_timestamp": 1709683402.849024, "_runtime": 177.017028093338, "_step": 499, "_wandb": {"runtime": 248}}